Workbook

Sheet Project overview
A1: Field | B1: Value
A2: Project Name | B2: Website Development Project
A3: Project Manager | B3: Devika Sharma
A4: Client Name | B4: ABC Retail Pvt Ltd
A5: Project Start Date | B5: 45658
A6: Project End Date | B6: 45747
A7: Total Budget (£) | B7: 25000
A8: Project Status | B8: In Progress
A9: Project Description | B9: Development of a responsive business website including design, development, testing, and deployment
A10: Last Updated On | B10: 45703

Sheet Task List & Gantt Chart
A1: Task ID | B1: Task Name | C1: Task Description | D1: Phase | G1: Action/Issue | H1: Start Date | I1: End Date | J1: Status | K1: Comments
A2: T001 | B2: Requirement Gathering | C2: Collect client requirements and expectations | D2: Planning | G2: Action | H2: 45658 | I2: 45664 | J2: Completed
A3: T002 | B3: Project Planning | C3: Create project plan and timeline | D3: Planning | G3: Action | H3: 45665 | I3: 45669 | J3: Completed
A4: T003 | B4: UI/UX Design | C4: Design wireframes and visual layouts | D4: Execution | H4: 45670 | I4: 45682 | J4: Completed
A5: T004 | B5: Frontend Development | C5: Develop website frontend using HTML/CSS | D5: Execution | H5: 45683 | I5: 45703 | J5: In Progress
A6: T005 | B6: Backend Development | C6: Develop backend and database | D6: Execution | H6: 45689 | I6: 45716 | J6: In Progress
A7: T006 | B7: Testing | C7: Perform functional and usability testing | D7: Planning | G7: Issue | H7: 45717 | I7: 45731 | J7: Not Started
A8: T007 | B8: Deployment | C8: Deploy website to live server | D8: Close | H8: 45736 | I8: 45741 | J8: Not Started
A9: T008 | B9: Content Creation | C9: Create website content for all pages | D9: Execution | H9: 45698 | I9: 45721 | J9: In Progress
A10: T009 | B10: Image & Media Collection | C10: Collect and optimize images and media | D10: Execution | G10: Dependency | H10: 45700 | I10: 45716 | J10: In Progress
A11: T010 | B11: SEO Setup | C11: Configure basic SEO settings | D11: Execution | H11: 45721 | I11: 45728 | J11: Not started
A12: T011 | B12: Performance Optimization | C12: Optimize website loading speed | D12: Testing | H12: 45726 | I12: 45734 | J12: Not Started
A13: T012 | B13: Cross-Browser Testing | C13: Test website on different browsers | D13: Testing | G13: Decision | H13: 45728 | I13: 45736 | J13: Not Started
A14: T013 | B14: User Acceptance Testing | C14: Client reviews and approves website | D14: Testing | H14: 45734 | I14: 45738 | J14: Not started
A15: T014 | B15: Bug Fixing | C15: Fix bugs identified during testing | D15: Execution | H15: 45736 | I15: 45743 | J15: Not Started
A16: T015 | B16: Security Check | C16: Perform basic security checks | D16: Testing | H16: 45738 | I16: 45744 | J16: Not Started
A17: T016 | B17: Final Deployment Preparation | C17: Prepare final deployment checklist | D17: Close | H17: 45741 | I17: 45744 | J17: Not Started
A18: T017 | B18: Project Handover | C18: Handover project documents to client | D18: Close | H18: 45744 | I18: 45747 | J18: Not Started
A20: Gantt Chart
G22: January | L22: Feburary | P22: March
A23: Task ID | B23: Task Name | C23: Start Date | D23: End Date | E23: Days | F23: Progress | G23: 45658 | H23: 45665 | I23: 45672 | J23: 45679 | K23: 45686 | L23: 45693 | M23: 45700 | N23: 45707 | O23: 45714 | P23: 45721 | Q23: 45728 | R23: 45735 | S23: 45742 | T23: 45749
A24: T001 | B24: Requirement Gathering | C24: 45658 | D24: 45663 | E24: =(D24-C24) -> 5 | F24: 0.9
A25: T002 | B25: Project Planning | C25: 45665 | D25: 45669 | E25: =(D25-C25) -> 4 | F25: 0.9
A26: T003 | B26: UI/UX Design | C26: 45670 | D26: 45682 | E26: =(D26-C26) -> 12 | F26: 0.3
A27: T004 | B27: Frontend Development | C27: 45683 | D27: 45703 | E27: =(D27-C27) -> 20 | F27: 0.9
A28: T005 | B28: Backend Development | C28: 45689 | D28: 45716 | E28: =(D28-C28) -> 27 | F28: 0.27
A29: T006 | B29: Testing | C29: 45717 | D29: 45731 | E29: =(D29-C29) -> 14 | F29: 0.13
A30: T007 | B30: Deployment | C30: 45736 | D30: 45741 | E30: =(D30-C30) -> 5 | F30: 0.6
A31: T008 | B31: Content Creation | C31: 45698 | D31: 45721 | E31: =(D31-C31) -> 23 | F31: 0.5
A32: T009 | B32: Image & Media Collection | C32: 45700 | D32: 45716 | E32: =(D32-C32) -> 16 | F32: 0.1
A33: T010 | B33: SEO Setup | C33: 45721 | D33: 45728 | E33: =(D33-C33) -> 7 | F33: 0.55
A34: T011 | B34: Performance Optimization | C34: 45726 | D34: 45734 | E34: =(D34-C34) -> 8 | F34: 0.45
A35: T012 | B35: Cross-Browser Testing | C35: 45728 | D35: 45736 | E35: =(D35-C35) -> 8 | F35: 0.5
... A40: T017 | B40: Project Handover | C40: 45744 | D40: 45747 | E40: =(D40-C40) -> 3 | F40: 0.1
H43: Progress made | I43: Days

Sheet Task Assignment & Progress Trac
A1: Task ID | B1: Task Name | C1: Assigned Resource | D1: Assigned Date | E1: Week | F1: % Completion | G1: Status | H1: Remarks
A2: T001 | B2: Requirement Gathering | C2: Aman Verma | D2: 45658 | E2: Week 1 | F2: 1 | G2: Completed | H2: Completed on time
A3: T002 | B3: Project Planning | C3: Aman Verma | D3: 45665 | E3: Week 2 | F3: 1 | G3: Completed | H3: Approved by client
A4: T003 | B4: UI/UX Design | C4: Neha Singh | D4: 45670 | E4: Week 4 | F4: 1 | G4: Completed | H4: Minor revisions done
A5: T004 | B5: Frontend Development | C5: Rahul Mehta | D5: 45683 | E5: Week 6 | F5: 0.7 | G5: In Progress | H5: Homepage completed
A6: T005 | B6: Backend Development | C6: Pooja Iyer | D6: 45689 | E6: Week 6 | F6: 0.6 | G6: In Progress | H6: Database structure ready
A7: T006 | B7: Testing | C7: Karan Patel | D7: 45717 | E7: Week 8 | F7: 0 | G7: Not started | H7: Not started yet
A8: T007 | B8: Deployment | C8: Rahul Mehta | D8: 45736 | E8: Week 10 | F8: 0 | G8: Not Started | H8: Scheduled for March
A9: T008 | B9: Content Creation | C9: Raj | D9: 45698 | E9: Week 7 | F9: 0.1 | G9: In Progress | H9: Waiting for ugc
A10: T009 | B10: Image & Media Collection | C10: Simran | D10: 45700 | E10: Week 8 | F10: 0.3 | G10: In Progress | H10: Images completed, Videos remaining
A11: T010 | B11: SEO Setup | C11: Sumeet U | D11: 45721 | E11: Week 9 | F11: 0 | G11: Not started
A12: T011 | B12: Performance Optimization | C12: Manali K | D12: 45726 | E12: Week 10 | F12: 0 | G12: Completed
A13: T012 | B13: Cross-Browser Testing | C13: Manali K | D13: 45728 | E13: Week 10 | F13: 0 | G13: Not Started
A14: T013 | B14: User Acceptance Testing | C14: Atharva N | D14: 45734 | E14: Week 11 | F14: 0 | G14: Not Started
A15: T014 | B15: Bug Fixing | C15: Devika N | D15: 45736 | E15: Week 13 | F15: 0 | G15: Not Started
A16: T015 | B16: Security Check | C16: Neha Singh | D16: 45738 | E16: Week 14 | F16: 0 | G16: Not Started
A17: T016 | B17: Final Deployment Preparation | C17: Mandaar Rao | D17: 45741 | E17: Week 15 | F17: 0 | G17: Not started
A18: T017 | B18: Project Handover | C18: Dilp Joshi | D18: 45744 | E18: Week 16 | F18: 0 | G18: Not Started

Sheet Resource List
A1: Resource ID | B1: Resource Name | C1: Role | D1: Department | E1: Availability
A2: R001 | B2: Aman Verma | C2: Project Manager | D2: Management | E2: Full-time
A3: R002 | B3: Neha Singh | C3: UI/UX Designer | D3: Design | E3: Full-time
A4: R003 | B4: Rahul Mehta | C4: Frontend Developer | D4: Development | E4: Full-time
A5: R004 | B5: Pooja Iyer | C5: Backend Developer | D5: Development | E5: Full-time
A6: R005 | B6: Karan Patel | C6: QA Tester | D6: Testing | E6: Part-time
A8: Cost Tracking
A10: Task ID | B10: Task Name | C10: Planned Cost (£) | D10: Actual Cost (£) | E10: Payment Status
A11: T001 | B11: Requirement Gathering | C11: 2000 | D11: 1800 | E11: Paid
A12: T002 | B12: Project Planning | C12: 1500 | D12: 1500 | E12: Paid
A13: T003 | B13: UI/UX Design | C13: 4000 | D13: 4200 | E13: Paid
A14: T004 | B14: Frontend Development | C14: 6000 | D14: 5500 | E14: Pending
A15: T005 | B15: Backend Development | C15: 7000 | D15: 6800 | E15: Paid
A16: T006 | B16: Testing | C16: 2500 | D16: 0 | E16: Pending
A17: T007 | B17: Deployment | C17: 2000 | D17: 0 | E17: Pending

Sheet Risks
A1: Sr no | B1: Risk | C1: Description | D1: Severity | E1: Probability | F1: Mitigation
A2: 1 | B2: User Acceptance Testing | C2: Client feedback may require major changes at a late stage | D2: Low | E2: Medium | F2: Conduct early review sessions with client and get sign-off at each milestone
A3: 2 | B3: Bug Fixing | C3: Critical bugs may take longer than planned to resolve | D3: Medium | E3: High | F3: Prioritize bugs based on impact and allocate additional testing time

Sheet Dashboard
B23: Task ID | C23: Task Name | D23: Team | E23: Assigned Resource | F23: Start Date | G23: End Date | H23: Task Duration | I23: Status | J23: Overdue | K23: Comments
B24: T001 | C24: Requirement Gathering | D24: Business Analysis | E24: Aman Verma | F24: 45658 | G24: 45664 | H24: =Table1[[#This Row],[End Date]]-Table1[[#This Row],[Start Date]] -> 6 | I24: Completed | J24: =AND(Table1[[#This Row],[Status]]<>"COMPLETED",Table1[[#This Row],[End Date]]<TODAY()) -> FALSE
B25: T002 | C25: Project Planning | D25: Project Management | E25: Aman Verma | F25: 45665 | G25: 45669 | H25: =Table1[[#This Row],[End Date]]-Table1[[#This Row],[Start Date]] -> 4 | I25: Completed | J25: =AND(Table1[[#This Row],[Status]]<>"COMPLETED",Table1[[#This Row],[End Date]]<TODAY()) -> FALSE
B26: T003 | C26: UI/UX Design | D26: Design | E26: Neha Singh | F26: 45670 | G26: 45682 | H26: =Table1[[#This Row],[End Date]]-Table1[[#This Row],[Start Date]] -> 12 | I26: Completed | J26: =AND(Table1[[#This Row],[Status]]<>"COMPLETED",Table1[[#This Row],[End Date]]<TODAY()) -> FALSE
B27: T004 | C27: Frontend Development | D27: Frontend Development | E27: Rahul Mehta | F27: 45683 | G27: 45703 | H27: =Table1[[#This Row],[End Date]]-Table1[[#This Row],[Start Date]] -> 20 | I27: In Progress | J27: =AND(Table1[[#This Row],[Status]]<>"COMPLETED",Table1[[#This Row],[End Date]]<TODAY()) -> TRUE
B28: T005 | C28: Backend Development | D28: Backend Development | E28: Pooja Iyer | F28: 45689 | G28: 45716 | H28: =Table1[[#This Row],[End Date]]-Table1[[#This Row],[Start Date]] -> 27 | I28: In Progress | J28: =AND(Table1[[#This Row],[Status]]<>"COMPLETED",Table1[[#This Row],[End Date]]<TODAY()) -> TRUE
B29: T006 | C29: Testing | D29: Quality Assurance | E29: Karan Patel | F29: 45717 | G29: 45731 | H29: =Table1[[#This Row],[End Date]]-Table1[[#This Row],[Start Date]] -> 14 | I29: In Progress | J29: =AND(Table1[[#This Row],[Status]]<>"COMPLETED",Table1[[#This Row],[End Date]]<TODAY()) -> TRUE
B30: T007 | C30: Deployment | D30: DevOps | E30: Rahul Mehta | F30: 45736 | G30: 45741 | H30: =Table1[[#This Row],[End Date]]-Table1[[#This Row],[Start Date]] -> 5 | I30: Not Started | J30: =AND(Table1[[#This Row],[Status]]<>"COMPLETED",Table1[[#This Row],[End Date]]<TODAY()) -> TRUE
B31: T008 | C31: Content Creation | D31: Content & Marketing | E31: Raj | F31: 45698 | G31: 45721 | H31: =Table1[[#This Row],[End Date]]-Table1[[#This Row],[Start Date]] -> 23 | I31: In Progress | J31: =AND(Table1[[#This Row],[Status]]<>"COMPLETED",Table1[[#This Row],[End Date]]<TODAY()) -> TRUE
B32: T009 | C32: Image & Media Collection | D32: Creative | E32: Simran | F32: 45700 | G32: 45716 | H32: =Table1[[#This Row],[End Date]]-Table1[[#This Row],[Start Date]] -> 16 | I32: In Progress | J32: =AND(Table1[[#This Row],[Status]]<>"COMPLETED",Table1[[#This Row],[End Date]]<TODAY()) -> TRUE
B33: T010 | C33: SEO Setup | D33: Digital Marketing | E33: Sumeet U | F33: 45721 | G33: 45728 | H33: =Table1[[#This Row],[End Date]]-Table1[[#This Row],[Start Date]] -> 7 | I33: Not started | J33: =AND(Table1[[#This Row],[Status]]<>"COMPLETED",Table1[[#This Row],[End Date]]<TODAY()) -> TRUE
B34: T011 | C34: Performance Optimization | D34: Engineering | E34: Manali K | F34: 45726 | G34: 45734 | H34: =Table1[[#This Row],[End Date]]-Table1[[#This Row],[Start Date]] -> 8 | I34: Not Started | J34: =AND(Table1[[#This Row],[Status]]<>"COMPLETED",Table1[[#This Row],[End Date]]<TODAY()) -> TRUE
B35: T012 | C35: Cross-Browser Testing | D35: Quality Assurance | E35: Manali K | F35: 45728 | G35: 45736 | H35: =Table1[[#This Row],[End Date]]-Table1[[#This Row],[Start Date]] -> 8 | I35: Not Started | J35: =AND(Table1[[#This Row],[Status]]<>"COMPLETED",Table1[[#This Row],[End Date]]<TODAY()) -> TRUE
... B40: T017 | C40: Project Handover | D40: Operations | E40: Dilp Joshi | F40: 45744 | G40: 45747 | H40: =Table1[[#This Row],[End Date]]-Table1[[#This Row],[Start Date]] -> 3 | I40: Not Started | J40: =AND(Table1[[#This Row],[Status]]<>"COMPLETED",Table1[[#This Row],[End Date]]<TODAY()) -> TRUE

Sheet Support Sheet
A1: Owners | B1: Count | D1: Team | E1: Count | G1: Progress | H1: Count
G2: Completed | H2: =COUNTIF(Table1[Status],'Support Sheet'!G2) -> 3
A3: Aman Verma | B3: =COUNTIF(Table1[Assigned Resource],'Support Sheet'!A3) -> 2 | D3: Business Analysis | E3: =COUNTIF(Table1[Team],Table3[[#This Row],[Team]]) -> 1 | G3: In Progress | H3: =COUNTIF(Table1[Status],'Support Sheet'!G3) -> 5
A4: Neha Singh | B4: =COUNTIF(Table1[Assigned Resource],'Support Sheet'!A4) -> 2 | D4: Project Management | E4: =COUNTIF(Table1[Team],Table3[[#This Row],[Team]]) -> 1 | G4: Not Started | H4: =COUNTIF(Table1[Status],'Support Sheet'!G4) -> 9
A5: Rahul Mehta | B5: =COUNTIF(Table1[Assigned Resource],'Support Sheet'!A5) -> 2 | D5: Design | E5: =COUNTIF(Table1[Team],Table3[[#This Row],[Team]]) -> 1 | G5: Total | H5: =SUM(H2:H4) -> 17
A6: Pooja Iyer | B6: =COUNTIF(Table1[Assigned Resource],'Support Sheet'!A6) -> 1 | D6: Frontend Development | E6: =COUNTIF(Table1[Team],Table3[[#This Row],[Team]]) -> 1
A7: Karan Patel | B7: =COUNTIF(Table1[Assigned Resource],'Support Sheet'!A7) -> 1 | D7: Backend Development | E7: =COUNTIF(Table1[Team],Table3[[#This Row],[Team]]) -> 1 | G7: Count | H7: Overdue
A8: Raj | B8: =COUNTIF(Table1[Assigned Resource],'Support Sheet'!A8) -> 1 | D8: Quality Assurance | E8: =COUNTIF(Table1[Team],Table3[[#This Row],[Team]]) -> 2
A9: Simran | B9: =COUNTIF(Table1[Assigned Resource],'Support Sheet'!A9) -> 1 | D9: DevOps | E9: =COUNTIF(Table1[Team],Table3[[#This Row],[Team]]) -> 2 | G9: Count | H9: =COUNTIF(Table1[Overdue],TRUE) -> 14
A10: Sumeet U | B10: =COUNTIF(Table1[Assigned Resource],'Support Sheet'!A10) -> 1 | D10: Content & Marketing | E10: =COUNTIF(Table1[Team],Table3[[#This Row],[Team]]) -> 1
A11: Manali K | B11: =COUNTIF(Table1[Assigned Resource],'Support Sheet'!A11) -> 2 | D11: Creative | E11: =COUNTIF(Table1[Team],Table3[[#This Row],[Team]]) -> 1
A12: Atharva N | B12: =COUNTIF(Table1[Assigned Resource],'Support Sheet'!A12) -> 1 | D12: Digital Marketing | E12: =COUNTIF(Table1[Team],Table3[[#This Row],[Team]]) -> 1
A13: Devika N | B13: =COUNTIF(Table1[Assigned Resource],'Support Sheet'!A13) -> 1 | D13: Engineering | E13: =COUNTIF(Table1[Team],Table3[[#This Row],[Team]]) -> 2
A14: Mandaar Rao | B14: =COUNTIF(Table1[Assigned Resource],'Support Sheet'!A14) -> 1 | D14: Client / Stakeholder | E14: =COUNTIF(Table1[Team],Table3[[#This Row],[Team]]) -> 1
A15: Dilp Joshi | B15: =COUNTIF(Table1[Assigned Resource],'Support Sheet'!A15) -> 1 | D15: Security | E15: =COUNTIF(Table1[Team],Table3[[#This Row],[Team]]) -> 1
D16: Operations | E16: =COUNTIF(Table1[Team],Table3[[#This Row],[Team]]) -> 1
